insert into image(path) values('https://i.ibb.co/JxKSB1B/1.jpg');
insert into image(path) values('https://i.ibb.co/R2kvXKQ/2.jpg');
insert into image(path) values('https://i.ibb.co/RcJnZJC/3.jpg');
insert into image(path) values('https://i.ibb.co/vQYMXx9/4.jpg');
insert into image(path) values('https://i.ibb.co/8zbhXsH/5.jpg');
insert into image(path) values('https://i.ibb.co/K6ZN2R7/6.jpg');
insert into image(path) values('https://i.ibb.co/L1wWVN9/7.jpg');
insert into image(path) values('https://i.ibb.co/VYr1Cr0/8.jpg');
insert into image(path) values('https://i.ibb.co/HpmgNHW/9.jpg');
insert into image(path) values('https://i.ibb.co/pX9JwNQ/10.jpg');
insert into image(path) values('https://i.ibb.co/YWfX3Vf/11.jpg');
insert into image(path) values('https://i.ibb.co/3YZjQjk/12.jpg');
insert into image(path) values('https://i.ibb.co/7r2YT1f/13.jpg');
insert into image(path) values('https://i.ibb.co/W24zYHg/14.jpg');
insert into image(path) values('https://i.ibb.co/xJbzdYg/15.jpg');
insert into image(path) values('https://i.ibb.co/BZ2fS1s/16.jpg');
insert into image(path) values('https://i.ibb.co/SRX1xHq/17.jpg');
insert into image(path) values('https://i.ibb.co/ZmWLsCN/18.jpg');
insert into image(path) values('https://i.ibb.co/6t9t0Pj/19.jpg');
insert into image(path) values('https://i.ibb.co/vZfgL2W/20.jpg');
insert into image(path) values('https://i.ibb.co/25QSFKf/21.jpg');
insert into image(path) values('https://i.ibb.co/1fhs5PC/22.jpg');
insert into image(path) values('https://i.ibb.co/2Z16DKX/23.jpg');
insert into image(path) values('https://i.ibb.co/zNQ90Td/24.jpg');
insert into image(path) values('https://i.ibb.co/VvNK5dR/25.jpg');
insert into image(path) values('https://i.ibb.co/gtkNpgm/26.jpg');
insert into image(path) values('https://i.ibb.co/mc8rs7v/27.jpg');
insert into image(path) values('https://i.ibb.co/kgKvTf3/28.jpg');
insert into image(path) values('https://i.ibb.co/4FFTbYS/29.jpg');
insert into image(path) values('https://i.ibb.co/ws6nWcc/30.jpg');
insert into image(path) values('https://i.ibb.co/7t5jJzJ/31.jpg');
insert into image(path) values('https://i.ibb.co/hDySCqm/32.jpg');
insert into image(path) values('https://i.ibb.co/x5FkDTP/33.jpg');
insert into image(path) values('https://i.ibb.co/XLfwZRs/34.jpg');
insert into image(path) values('https://i.ibb.co/gDGLBwR/35.jpg');
insert into image(path) values('https://i.ibb.co/NYY1zyj/36.jpg');
insert into image(path) values('https://i.ibb.co/B2HMGgD/37.jpg');
insert into image(path) values('https://i.ibb.co/9NZD5p5/38.jpg');
insert into image(path) values('https://i.ibb.co/m4FrwbF/39.jpg');
insert into image(path) values('https://i.ibb.co/BqzYDdV/40.jpg');
insert into image(path) values('https://i.ibb.co/hgd84rp/41.jpg');
insert into image(path) values('https://i.ibb.co/tPq3fht/42.jpg');
insert into image(path) values('https://i.ibb.co/mvMBD42/43.jpg');
insert into image(path) values('https://i.ibb.co/WKSdGqQ/44.jpg');
insert into image(path) values('https://i.ibb.co/6Z338ph/45.jpg');
insert into image(path) values('https://i.ibb.co/zJM49vJ/46.jpg');
insert into image(path) values('https://i.ibb.co/R2yNhxn/47.jpg');
insert into image(path) values('https://i.ibb.co/whyPz9p/48.jpg');
insert into image(path) values('https://i.ibb.co/Qk0tfpr/49.jpg');
insert into image(path) values('https://i.ibb.co/WVQ9WM8/50.jpg');

INSERT INTO auth (NAME, LAST_NAME) VALUES('Amelia', 'Ocampo');
INSERT INTO auth (NAME, LAST_NAME) VALUES('Sandra', 'Haro');
INSERT INTO auth (NAME, LAST_NAME) VALUES('Resse', 'Miller');
INSERT INTO auth (NAME, LAST_NAME) VALUES('Aaron', 'Loeb');
INSERT INTO auth (NAME, LAST_NAME) VALUES('Adeline', 'Palmerston');
INSERT INTO auth (NAME, LAST_NAME) VALUES('Avery', 'Devis');
INSERT INTO auth (NAME, LAST_NAME) VALUES('Helene', 'Paquet');
INSERT INTO auth (NAME, LAST_NAME) VALUES('Willian', 'Wallburgh');
INSERT INTO auth (NAME, LAST_NAME) VALUES('Chiaki', 'Sato');
INSERT INTO auth (NAME, LAST_NAME) VALUES('Eleanor', 'Fitzgerald');
INSERT INTO auth (NAME, LAST_NAME) VALUES('Greta', 'Evans');
INSERT INTO auth (NAME, LAST_NAME) VALUES('Shawn', 'Garcia');
INSERT INTO auth (NAME, LAST_NAME) VALUES('Alfredo', 'Torres');
INSERT INTO auth (NAME, LAST_NAME) VALUES('Bailey', 'Dupont');
INSERT INTO auth (NAME, LAST_NAME) VALUES('Harper', 'Russo');
INSERT INTO auth (NAME, LAST_NAME) VALUES('Juliana', 'Silva');
INSERT INTO auth (NAME, LAST_NAME) VALUES('Harumi', 'Kobayashi');
INSERT INTO auth (NAME, LAST_NAME) VALUES('Rosa', 'Aguado');
INSERT INTO auth (NAME, LAST_NAME) VALUES('Mateo', 'López');
INSERT INTO auth (NAME, LAST_NAME) VALUES('Diana', 'Cárdenas');
INSERT INTO auth (NAME, LAST_NAME) VALUES('Ana', 'Elisa');
INSERT INTO auth (NAME, LAST_NAME) VALUES('Jerónimo', 'Pérez');
INSERT INTO auth (NAME, LAST_NAME) VALUES('Viviana', 'Cruzero');
INSERT INTO auth (NAME, LAST_NAME) VALUES('Horacio', 'Olivo');
INSERT INTO auth (NAME, LAST_NAME) VALUES('Isabel', 'Mercado');
INSERT INTO auth (NAME, LAST_NAME) VALUES('Andrea', 'Morales');
INSERT INTO auth (NAME, LAST_NAME) VALUES('Catalina', 'Estévez');
INSERT INTO auth (NAME, LAST_NAME) VALUES('Alfredo', 'Andrade');
INSERT INTO auth (NAME, LAST_NAME) VALUES('Felipe', 'Sáenz');
INSERT INTO auth (NAME, LAST_NAME) VALUES('Hortencia', 'Márquez');
INSERT INTO auth (NAME, LAST_NAME) VALUES('Carlos', 'Sánchez');
INSERT INTO auth (NAME, LAST_NAME) VALUES('Amelia', 'Smith');
INSERT INTO auth (NAME, LAST_NAME) VALUES('Julián', 'Alonoso');
INSERT INTO auth (NAME, LAST_NAME) VALUES('Elina', 'Ruíz');
INSERT INTO auth (NAME, LAST_NAME) VALUES('Drew', 'Feig');
INSERT INTO auth (NAME, LAST_NAME) VALUES('Murad', 'Naser');
INSERT INTO auth (NAME, LAST_NAME) VALUES('Anónimo', '');

insert into gender(id, description) values (1, 'Misterio');
insert into gender(id, description) values (2, 'Musica');
insert into gender(id, description) values (3, 'Cuento');
insert into gender(id, description) values (4, 'Drama');
insert into gender(id, description) values (5, 'Novela' );
insert into gender(id, description) values (6, 'Informativo' );
insert into gender(id, description) values (7, 'Salud' );
insert into gender(id, description) values (8, 'Instructivo' );
insert into gender(id, description) values (9, 'Revista' );
insert into gender(id, description) values (10, 'Literatura' );
insert into gender(id, description) values (11, 'Poemas' );

insert into book (year, isbn, description, auth_id, image_id, title, gender_id, stock) values ('2010','5333832150','Muchos cruzan grandes trayectos para llegar a la felicidad, pero aún no saben que la felicidad no es un camino.', '34','1', 'Mujer en silencio', 4 ,1);
insert into book (year, isbn, description, auth_id, image_id, title, gender_id, stock) values ('2002','4251021263','Un consejero de estado revisa las tarjetas de visita que ha recibido el lunes de Pascua y se vuelve a encontrar con un nombre que no localiza… se obsesio,1na por saber quién es…', '35','2', 'Mystery', 1,1);
insert into book (year, isbn, description, auth_id, image_id, title, gender_id, stock) values ('2001','3018981464','La magia es un poder reservado para los niños, sin embargo, es posible guardarla en forma de recuerdos.', '1','3', 'Aquel bosque de magia',2,1);
insert into book (year, isbn, description, auth_id, image_id, title, gender_id, stock) values ('2002','6129583074','Alba viaja alrededor del mundo visitando varios países donde encontrará nuevos amigos y descubrirá nuevas comidas, animales, paisajes y monumentos y hasta diferentes razas. ¿Quieres conocer Kenia, Rusia, China, Estados Unidos y much,1os más países de la mano de Alba?', '3','4', 'Cuentos de otoño', 3,1);
insert into book (year, isbn, description, auth_id, image_id, title, gender_id, stock) values ('2009','6126744510','Unos soldados se han tomado un pueblito francés y desean hacer una gran fiesta antes de seguir. Se llevan una sorpresa cuando el cura trae lo únic,1o que le hacía falta a la reunión: mujeres.', '26','5', 'Reyes caidos', 2,1);
insert into book (year, isbn, description, auth_id, image_id, title, gender_id, stock) values ('2008','7249088556','El director siente que hay un traidor en su equipo; al iniciar la investigación, no imagina los resultados.', '29','6', 'Ojo Dulce', 4,1);
insert into book (year, isbn, description, auth_id, image_id, title, gender_id, stock) values ('2008','2775914270','Una feliz indiscreción familiar, o, más bien dicho, un rasgo de vanidad justificada, nos ha puesto en posesión de estas cartas de amor de la Avellaneda. Ellas vienen a completar la gran figura de esta escritora española nacida en América. Perfume de su alma, luz de su mente, sangre de su corazón, estas cartas sintetizan, concentran todas las cualidades excelsas de una mujer excepcional, gloria purísima de su sexo.', '32','7', 'Ame - Diario de una joven', 5 ,1);
insert into book (year, isbn, description, auth_id, image_id, title, gender_id, stock) values ('2009','4823905160','Antes de despertar, ofrecióse a mi espíritu el horrible caso en forma de angustiosa sospecha, como una tristeza hondísima, farsa cruel de mis endiablados nervios que suelen desmandarse con trágico humorismo. Desperté; no osaba moverme; no tenía valor para reconocerme y pedir a los sentidos la certificación material de lo que ya tenía en mi alma todo el valor del conocimiento... Por fin, más pudo la curiosidad que el terror; alargué mi mano, me toqué, palp,1é... Imposible exponer mi angustia cuando pasé la mano de un hombro a otro sin tropezar en nada... El espanto me impedía tocar la parte, no diré dolorida, pues no sentía dolor alguno... la parte que aquella increíble mutilación dejaba al descubierto... (Fragmento)', '32','8', 'Las vidas dentro de tu cabeza', 5, 1);
insert into book (year, isbn, description, auth_id, image_id, title, gender_id, stock) values ('2015','3298350703','Séneca, de acuerdo con la doctrina estoica, arguye que la naturaleza es razón (en griego logos) y que la persona deberá emplear su facultad de razonar,1 para vivir en concordia con la naturaleza y de este modo alcanzar la felicidad. El filósofo romano propone el seguimiento de una secuencia lógica en el planteamiento vital, empezando por la definición de los objetivos que la persona quiere conseguir. ', '31','9', 'La felicidad es un hábito', 5, 1 );
insert into book (year, isbn, description, auth_id, image_id, title, gender_id, stock) values ('2013','5141721619','El director siente que hay un traidor en su equipo; al iniciar la investigación, no imagina los resultados.', '30','10', 'Ojo Dulce', 5 ,1);
insert into book (year, isbn, description, auth_id, image_id, title, gender_id, stock) values ('2014','9087373901','Se sirve de los mitos para crear un mundo poético. Concilia el mito y el dogma monoteísta cristiano en el drama, sirviéndose de la alegoría como género. Calderón dramatiza la fe monoteísta por medio de la personificación alegórica. Así en Andrómeda y Perseo hace visibles conceptos abstractos de la teología católica: la fe, la,1 culpa, el albedrío, la gracia, etc. Perseo, en el auto mitológico es Cristo; Andrómeda, la naturaleza; Medusa, la culpa, etc. Así lo declara Calderón en la Loa.', '29','11', 'El chico Andrómeda', 5, 1);
insert into book (year, isbn, description, auth_id, image_id, title, gender_id, stock) values ('2015','1216011794','La aventura, lo fantástico, lo mítico, lo legendario, lo real y lo inverosímil, lo irónico y lo trágico, y el cuento del cuento corre por estas líneas para que el lector viva una vez más el gran festival de cuento en la ciudad de los cuentos, Bucaramanga – Sant,1ander.', '28','12', 'El amor no es la respuesta', 5, 1 );
insert into book (year, isbn, description, auth_id, image_id, title, gender_id, stock) values ('2012','8452950337','Invitados por Japp, Poirot y Hastings han decidido descansar en el tranquilo pueblo de Market Basing, pero cuando parecía que tendrían un tranquilo descanso, un policía local aparece en escena.', '27','13', 'Marketing par,1a redes sociales', 6, 1);
insert into book (year, isbn, description, auth_id, image_id, title, gender_id, stock) values ('2012','5694189050','La imaginación puede crear mundos y especies sorprendentes. Con el paso del tiempo, añoramos los tiempos y la grata sorpresa de vivir en el ,1mundo que habitan los niños. ', '37','14', 'Javier el Dinosario', 3, 1);
insert into book (year, isbn, description, auth_id, image_id, title, gender_id, stock) values ('2020','7276837831','El niño descansa en su cuna y las hadas protectoras lo acompañan en su tranquilidad.', '26','15', 'El portal a los sueños', 5 ,1);
insert into book (year, isbn, description, auth_id, image_id, title, gender_id, stock) values ('2017','2667691452','La lírica espontánea de Rueda, evoca a aquellos cálidos versos andaluces donde la naturaleza, prima en la sencillez.', '25','16', 'El secreto para una buena salud', 7 ,1);
insert into book (year, isbn, description, auth_id, image_id, title, gender_id, stock) values ('2016','3319620339','Cuando se llega a tener conciencia de la posibilidad de cambio real con su posibilidad infinita de creación en diversos ámbitos, desde lo elemental hacia lo integrativo de la salud mental  en el mundo de hoy, se logra el objeto de esta compilación de escritos.', '24','17', 'Consejos para mejor salud mental', 6 ,1);
insert into book (year, isbn, description, auth_id, image_id, title, gender_id, stock) values ('2021','3021072756','La magia de la palabra. El papel de la comunicación en el ámbito profesional, Las Palmas de Gran Canaria, Beginbook, 2006. Con este breve texto se intenta facilitar una guía fiable en el intrincado mundo de la palabra hablada y dicha. Y es que, como advirtió el gran maestro Ortega y Gasset, hablar no significa tanto como decir. Deliberadamente se rehuye el carácter de recetario que suele distinguir a los convencionales cursos de oratoria práctica. No obstante, y para que resulte más fácil la lectura y el repaso, se conjuga en esta guía un planteamiento humorístico desenfadado con un orden sistemático. La misma intencionalidad didáctica guía la selección de muchos ejemplos escogidos para ilustrar el texto, e inspira el tono distendido de muchos pasajes del curso. La sonrisa es buena compañera de la memoria. ', '37','18', 'Falta de comunicacion', 8 ,1);
insert into book (year, isbn, description, auth_id, image_id, title, gender_id, stock) values ('2007','9686966425',', Acompañada de una semblanza de Cristóbal de Castro donde se asevera que, para Silverio Lanza, acompañada de una semblanza de Cristóbal de Castro donde se asevera que «la humanidad es un conjunto de farsantes egoístas, dominando a un rebaño de serviles concupiscentes». Nos cuenta en primera persona la experiencia entre vodevilesca y kafkiana de un Silverio Lanza que suplanta a su amigo Mariano, médico rural de Navadebolos, en el ejercicio de su cargo,,1 sin conocimiento alguno del oficio, para que éste pueda casarse de extranjis con Remedios, hija del alcalde. La usurpación propicia situaciones desopilantes, como aquélla en que el protagonista debe pronunciar ante las fuerzas vivas del villorrio un discurso que rellena con un galimatías de palabrejas sin sentido, aplaudidas sin embargo por su auditorio hasta el florecimiento de callos en las manos.', '23','19', 'Flores Medicinales', 7, 1);
insert into book (year, isbn, description, auth_id, image_id, title, gender_id, stock) values ('2007','5771474194','El objetivo de esta investigación es definir un análisis de la construcción simbólica  de un sector de la población e identificar de las consecuencias culturales  y sociales del uso cotidiano o rutinario del registro fotográfico. Este o,1bjetivo se busca por medio de un proceso metodológico que parte del giro pictórico propuesto por Mitchell (1990) en el contexto de la cultura visual.', '22','20', 'Fotografía digital en movimiento', 6, 1);
insert into book (year, isbn, description, auth_id, image_id, title, gender_id, stock) values ('2006','1864587982','La niña no se acerca a su ángel de manera convencional. Cuento finalista de la segunda convocatoria al concurso de cuento corto: Álvaro Cepeda Samudio (2006). Tema Zoología fantástica.', '21','21', 'Los ojos del Angel', 5 ,1);
insert into book (year, isbn, description, auth_id, image_id, title, gender_id, stock) values ('2002','5202409884','Muchas personas suelen desanimarse en sus propósitos, pierden la paciencia fácilmente y con ello, dejan que sus sueños y metas se escapen por entre los dedos. Perseverar, no rendirse, luchar incansablemente por conseguir un ideal, sin apresurarse y sin presionar, sin perder el rumbo y sin perder la calma; sabiendo siempre que a la larga, la mayor recompensa es el camino que recorremos por cumplir con nuestros sueños, más que el re,1sultado, más que el sueño mismo. La tranquilidad de espíritu está reservada para los que perseveran. ¡No lo olvides y ten paciencia!', '20','22', 'Creciendo con pecas en la naríz', 4, 1);
insert into book (year, isbn, description, auth_id, image_id, title, gender_id, stock) values ('1999','9876261732','Una historia de hace siglos, recordando a los famosos escultores Kalos y Musides, cuyas obras fueron elogiadas en todo el mundo conocido. Un día, el Tirano de Siracusa invitó a Kalos y Musides a competir en la creación de \"una maravilla de naciones y un objetivo para los viajeros\". Mientras trabajaban en sus esculturas, Kalos cayó enfermo, para gran consternación de Musides. ', '7','23', 'The story of the tree', 3 ,1);
insert into book (year, isbn, description, auth_id, image_id, title, gender_id, stock) values ('2003','6145650732','La literatura proporciona diversos e interesantes relatos de viajes, algunos textos ponen énfasis en la descripción de los lugares; en cambio otros, presentan un detallado análisis de los hechos o circunstancias que definen un viaje. De la vasta oferta narrativa, resulta interesante examinar una obra clásica, que suscita interés y permite reflexionar sobre su contenido desde la perspectiva turística. Bajo este precepto, se analiza la novela de Julio Verne “La Vuelta al Mundo en 80 días\" y aplica el enfoque sistémico del turismo mediante la dimensión espacio-temporal a los sucesos narrados por el autor donde se involucran los personajes con los diversos componentes del sistema turístico. ', '19','24', 'Geografía: El espacio', 6 ,1);
insert into book (year, isbn, description, auth_id, image_id, title, gender_id, stock) values ('2003','7620383667','A una reina que no puede tener hijos finalmente se le concede el don de tener uno. Éste, además, posee un don de nacimiento: todo lo que desee en el mundo se le concederá. Esto, sin ,1embargo, no es tan bueno como parece. Es probable que alguna vez hayas dicho una mentira. Sea porque querías evadir un castigo, o simplemente era tu intención hacer una jugarreta divertida. Sin embargo, si lo piensas bien, te darás cuenta que mentir no lleva a ninguna parte. Cuando mentimos nos engañamos a nosotros mismos y los engaños impiden que desarrollemos nuestro potencial. En lugar de usar tu imaginación para decir mentiras que, aunque algunas sean divertidas, siempre salen mal, usa toda tu creatividad, todo tu poder e imaginación, tu capacidad de soñar, para encontrar formas de hacer lo que realmente te hace feliz, sin necesidad de engañar. Es la mejor forma de vivir de verdad.', '18','25', 'El Clavel', 5, 1);
insert into book (year, isbn, description, auth_id, image_id, title, gender_id, stock) values ('2003','4714881243','Un romance prohibido surge entre las montañas del Himalaya, pero las rígidas tradiciones harán hasta lo imposible por sucumbirlo.', '17','26', 'El chico y el fuego', 5 ,1);
insert into book (year, isbn, description, auth_id, image_id, title, gender_id, stock) values ('2002','5028785930','En 1936, con 30 años, Pedro Linares López, cartonero de oficio y originario de la Ciudad de México, enfermó, perdió la consciencia y cayó en un profundo sueño que le revelaría unas criaturas extrañas que cambiarían su destino como artesano de La Merced', '16', '27', 'La verdadera historia de los alebrijes', 3 ,1);
insert into book (year, isbn, description, auth_id, image_id, title, gender_id, stock) values ('2001','5138821707','Un cóctel o coctel (del inglés cocktail) es una preparación a base de una mezcla de diferentes bebidas en diferentes proporciones, que contiene por lo general unos o más tipos de bebidas alcohólicas junto a otros ingredientes, generalmente jugos, frutas, salsas, miel, leche o crema, especias, etc. También son ingredientes comunes de los cócteles las bebidas carbónicas o refrescos sin alcohol, la soda y el agua tónica.', '4', '28', 'Cocktail 101', 4 ,1);
insert into book (year, isbn, description, auth_id, image_id, title, gender_id, stock) values ('2022','4796057918','Luego de publicar el resultado de nuestras investigaciones antropológicas y sociológicas en el libro \"Los Guanes y el Arte Rupestre Xerirense\" en la Biblioteca de habla hispana más integral del mundo, nos dimos a la tarea de revelar el mito de la muerte del Cacique Guanentá, e voilá, fue maravilloso encontrar tantas maravillas con tantas encantos mitológicos, costumbristas, rupestres, etc...etc. He a,1quí el nacimiento del libro, cuya segunda parte consiste en la reconstrucción de un rostro de un guerrero Guane: primera que se ha hecho en la historia de Santander (Colombia), y en la cual nos colaboró arduamente Martín David Acevedo, experto en reconstrucción facial de la Fiscalía General de la Nación.', '15', '29', 'Puzzles', 5, 1);
insert into book (year, isbn, description, auth_id, image_id, title, gender_id, stock) values ('2023','6315119604','Estos «Apuntes» transcriben unas páginas manuscritas redactadas por el autor en previsión de sus intervenciones en la reunión organizada por el «Fondo para el progreso de la educación» –promovido por la Fundación Ford– que se celebró en Londres en mayo de 1953, y a la que Ortega asistió invitado en unión de otros eminentes pensadores', '37', '30', 'Creating ,1future together', 9, 1);
insert into book (year, isbn, description, auth_id, image_id, title, gender_id, stock) values ('2020','6114045006','En primavera del año 1880 un joven estudiante de medicina recibió la tentadora propuesta de realizar un viaje de seis meses al Ártico a bordo de un ballenero. El nombre del elegido era Arthur Conan Doyle y el viaje se convirtió en un capítulo fascinante, pero poco investigado en la biografía del futuro escritor.', '14', '31', 'Artic Animals', 3 ,1);
insert into book (year, isbn, description, auth_id, image_id, title, gender_id, stock) values ('2019','5747376387','La teoría del “Intelligent Design” ha sido presentada por los científicos que la defienden como una alternativa válida al Neodarwinismo. En este escrito, además de presentar a grandes rasgos los puntos centrales de la teoría del Diseño Inteligente, se explican los antecedentes históricos del debate que ha surgido alrededor de ella, y se exponen algunas de las críticas científicas y filosóficas más importantes que le han sido formuladas.', '37', '32', 'Design guide inspiration', 9 ,1);
insert into book (year, isbn, description, auth_id, image_id, title, gender_id, stock) values ('2020','7183650198','En alma de un artista atormentado renace a causa de una belleza, tan exquisita y divina, que sólo puede plasmarse en el mármol. Dentro del espíritu humano -compuesto por el alma, la mente, la psique se encuentra lo más macabro y lo más sublime, lo más grande y lo más pequeño. Nuestra mente está compuesta de diversos niveles de conciencia, una más accequible -la que podemos indagar cuando queremos- y otra más escondida -el subconsciente, el lug,1ar donde habitan los sueños; el que nos dice qué debemos hacer cuando nuestra conciencia no puede; el lugar donde habitan ángeles, demonios, es decir, todo.', '13', '33', 'Art.', 5, 1);
insert into book (year, isbn, description, auth_id, image_id, title, gender_id, stock) values ('2023','6222794964','La corta carrera dramática de Terencio se extiende por espacio de seis años; entre el 166 y el 160 escribió seis comedias palliatas, cuyas fechas de estreno conocemos perfectamente, ya que todas se nos han transmitido con su correspondiente didascalia. La mayor parte de sus comedias siguen origina,1les griegos de Menandro, el más moderado y moral de los autores del Comedia Nueva.', '12', '34', 'Classic Literature', 10, 1);
insert into book (year, isbn, description, auth_id, image_id, title, gender_id, stock) values ('2021','2343165639','El relato narra los resultados de las investigaciones del Dr. Herbert West sobre la muerte y la reanimación de los cuerpos, desde sus tiempos de estudiante en la ficticia Universidad Miskatonic hasta poco después de la Primera Guerra Mundial.', '11', '35', 'Scary Tales', 5 ,1);
insert into book (year, isbn, description, auth_id, image_id, title, gender_id, stock) values ('2024','2203816781','Lovecraft detalla en este relato de surrealistas imágenes la naturaleza de los fantasmas que se revelan a la mente por la influencia alucinógena del opio, así como la dirección de los inauditos caminos por cuyo exótico curso se ve irresistiblemente lanzado el adicto.', '15', '36', 'Chaos', 9 ,1);
insert into book (year, isbn, description, auth_id, image_id, title, gender_id, stock) values ('2011','9084072702','Yo trabajaba en la panadería y todos los días, cerca de las doce, iba a llevar, el pan al restaurante que tenían los padres de Paula en la calle principal del pueblo. Cuando entré, supe que ella había tenido problemas nuevamente porque el padre acababa de tirarle con una papa cruda y le había dado justo en las costillas.', '2', '37', 'La música y su poder curativo', 5 ,1);
insert into book (year, isbn, description, auth_id, image_id, title, gender_id, stock) values ('2001','6447594794','El protagonista encuentra un escenario ideal para dejar volar su imaginación. Duda sobre la realidad, sobre la verdadera existencia de las personas en la calle, de todas aqu,1ellas figuras que flotan en la niebla como vagos espectros, apareciendo y desapareciendo repentinamente. En medio de esa cerrazón se encontrará con una mujer que, como él, está perdida. La sigue hasta el interior de una casa en ruinas, donde finalmente será testigo de una tragedia en perpetua repetición.', '10', '38', 'Mindfulness techniques for anxiety', 5, 1);
insert into book (year, isbn, description, auth_id, image_id, title, gender_id, stock) values ('2011','4344777096','La tan esperada llegada del silencio en la noche, para gozar de su paz y disfrutar de un pleno descanso.', '9', '39', 'Silence one day at a time', 5 ,1);
insert into book (year, isbn, description, auth_id, image_id, title, gender_id, stock) values ('2021','9561425082','El artículo trata sobre la concepción fisiológica de la mujer en la época medieval, vista desde los manuales médicos y de la física natural y desde el cristianismo.', '7', '40', 'Medieval Life', 5 ,1);
insert into book (year, isbn, description, auth_id, image_id, title, gender_id, stock) values ('2020','8453764190','Si usted ha perdido la facultad de acurruncharse entre las cobijas y sentir miedo, un miedo de esos que no es miedo sino placer de volver a encontrarse con las ánimas en pena, las brujas, los conjuros y los diablos de verdad, entonces este libro no le conviene. El autor ha puesto aquí con pluma exquisita los mejores especímenes de esa clase en toda Latinoamérica. Es lectura para viejos o para niños. Pero a Usted no le conviene. Déjelo en el estante.', '8', '41', 'The black woods', 5 ,1);
insert into book (year, isbn, description, auth_id, image_id, title, gender_id, stock) values ('2012','6806155363','Linda Luz Evelyne ahora vuelve, con más años y una mirada más realista o madura del mundo, ya que a pesar de su corta juventud, sabe profundizar y expresar su sentir en palabras precisas que invitan a soñar, a amar, a pensar; en fin, a ver el mundo de una manera distinta y sublime, donde siempre hay algo tierno en todo momento y donde aún queda refugio para caer rendidos. Esta es la nueva luz que nos trae Linda Luz, con el libro de poemas que ha titulado justamente \"Tona,1das de luz\", ya que tiene ese encanto de las cosas diáfanas y relucientes.', '6', '42', 'Light cycle', 11, 1);
insert into book (year, isbn, description, auth_id, image_id, title, gender_id, stock) values ('2011','7323722253','La relación de un hombre con su mascota y un odio inexplicable hacia ella, termina por convertir su vida en un infierno. Dejando de momento aparte los presuntos contenidos autobiográficos y supersticiosos, son tres los temas principales que desarrolló su autor, y los tres se hallan estrechamente relacionados entre sí. Destaca el de la locura, espantosamente presente en otro cuento producido en ese mismo año de 1,1843.', '4', '43', 'World of cats', 3, 1);
insert into book (year, isbn, description, auth_id, image_id, title, gender_id, stock) values ('2014','7202769110','Este es un cuento perteneciente al libro La condenada y otros cuentos, excelente para una lectura tranquila. El libro  presenta una serie de cuentos, cada uno distinto, que marcan la vida de época, los ideales frescos del autor y una colección sentimental amplia. El libro está escrito en un modo ampliamente descriptivo de un lugar, objeto o momento.', '5', '44', 'Feelings lost at sea', 5, 1);
insert into book (year, isbn, description, auth_id, image_id, title, gender_id, stock) values ('2014','9743742802','En medio de la agitada y violenta Revolución francesa, Sydney Carton está dispuesto a sacrificar lo que sea por el bien de su amada Lucía y quienes a ella importan. El Londres pacífico pero grotesco del rey Jorge III y el París clamoroso ,1y ensangrentado de la Revolución francesa son las dos ciudades sobre cuyo fondo se escribe esta inolvidable historia.', '4', '45', 'Ocean', 4, 1);
insert into book (year, isbn, description, auth_id, image_id, title, gender_id, stock) values ('2018','9487026158','Cuenta la historia del Danebrog, en la que un intrépido capitán junto a su tripulación entusiasta se entregan a una competición para capturar ballenas en los gélidos hielos ,1del norte.', '3', '46', 'Water World', 5, 1);
insert into book (year, isbn, description, auth_id, image_id, title, gender_id, stock) values ('2018','8720941232','Cortas descripciones poéticas sobre el proceso de revelado de la fotografía y sobre recibir un beso.', '2', '47', 'El arte de la fotografía', 6 ,1);
insert into book (year, isbn, description, auth_id, image_id, title, gender_id, stock) values ('2019','5978468967','Su protagonista, conocido solamente como K., lucha para acceder a las misteriosas autoridades de un castillo que gobierna el pueblo al cual K ha llegado a trabajar como agrimensor. En líneas generales, trata sobre la alienación, la burocracia, y la frustración, aparentemente interminable, de lo,1s intentos de un hombre por incorporarse al sistema.', '1', '48', 'La reina del castillo oscuro', 4, 1);
insert into book (year, isbn, description, auth_id, image_id, title, gender_id, stock) values ('2013','8689393485','El gran renovador de la literatura de terror en el siglo XX se inclinó en esta temprana ficción por el clásico cuento gótico al estilo de Le Fanu y Lewis, lejos de su habitual y reconocible \"horror cósmico\", presente en los mitos de Cthulhu.', '36', '49', 'Alquimia', 4 ,1);
insert into book (year, isbn, description, auth_id, image_id, title, gender_id, stock) values ('2010','3154414026','Tesista de Ciencia Política y Relaciones Internacionales. Perito técnico en Criminalística. Estudia ruso, alemán y francés. Historiadora y apasionada del cine y la literatura de horror. Fanática de El folk metal.  Valkyria que lleva a los guerreros caídos al Valhalla.', '14', '50', 'Mariana', 5, 1);




